Model,Accuracy,Precision,Recall,F1-Score,ROC-AUC,Training Time (s)
XGBoost,0.7725,0.6685869073129509,0.7725,0.6951517616638374,0.583122280088464,0.10593366622924805
NaiveBayes,0.783,0.6852953629032258,0.783,0.6948906859615521,0.634332417778412,0.0031833648681640625
RandomForest,0.786,0.7254724172517553,0.786,0.6946208921431544,0.6175239590021641,0.5594069957733154
AdaBoost,0.785,0.6713527054108217,0.785,0.6922654044178709,0.6350369194549476,0.22098422050476074
LogisticRegression,0.786,0.617796,0.786,0.6918208286674132,0.6316972247984591,0.016026020050048828
TabM,0.786,0.617796,0.786,0.6918208286674132,0.6273602292454401,0.547767162322998
