Model,Accuracy,Precision,Recall,F1-Score,ROC-AUC,Training Time (s)
XGBoost,0.8025,0.7294947012747659,0.8025,0.7491136079900125,0.622628726287263,0.07484912872314453
LogisticRegression,0.82,0.7650505050505051,0.82,0.7479267228845594,0.6614583333333334,0.004412412643432617
RandomForest,0.815,0.6716582914572864,0.815,0.7364187327823691,0.6419376693766937,0.2024095058441162
