Model,Accuracy,Precision,Recall,F1-Score,ROC-AUC,Training Time (s)
XGBoost,0.8615,0.852394,0.8615,0.8482039177708844,0.8573735522888064,0.19008803367614746
TabM,0.8585,0.8492144154271878,0.8585,0.8432885685814234,0.8561365680009748,1.0007803440093994
RandomForest,0.8615,0.8566541606620377,0.8615,0.8426402783821153,0.859184299862266,0.47297096252441406
AdaBoost,0.848,0.8352791055677284,0.848,0.8340106038856779,0.843431258685496,0.18118619918823242
NaiveBayes,0.8335,0.8189653039639475,0.8335,0.8043400666404912,0.7967875425502544,0.002135753631591797
LogisticRegression,0.812,0.7840087086941797,0.812,0.768826420890937,0.7775633877328791,0.008637428283691406
